-0.1810976,-1.1969224,100.3398488
2.8065469,-0.9401368,100.1751618
5.7941629,-0.6833489,100.1751618
8.7818074,-0.4265555,100.0911303
11.7694222,-0.1697624,100.0069878
14.7570666,0.0870355,99.9209485
17.7446808,0.3438328,99.8349042
20.7323252,0.6006351,99.7469155
23.7199386,0.857437,99.6589192
26.7075829,1.114244,99.5689293
29.6951956,1.3710509,99.4789292
32.6828397,1.6278631,99.3868845
35.6704517,1.8846754,99.2948271
38.6580955,2.1414933,99.2006722
41.6457068,2.3983114,99.106502
44.6333502,2.6551354,99.0101797
47.6209608,2.9119599,98.9138393
50.6086038,3.1687906,98.8152903
53.5962136,3.4256221,98.7167203
56.5838561,3.6824601,98.6158832
59.5714652,3.939299,98.5150223
62.5591071,4.1961449,98.4118335
65.5467153,4.452992,98.308618
68.5343565,4.7098464,98.2030116
71.521964,4.9667024,98.0973756
74.5096044,5.223566,97.9892833
77.497211,5.4804317,97.8811584
80.4848505,5.7373053,97.7705092
83.4724563,5.9941815,97.6598246
86.4600946,6.251066,97.5465452
89.4476997,6.5079534,97.4332273
92.4353368,6.7648497,97.3172413
95.422941,7.0217494,97.2012137
98.4105767,7.2786584,97.0824419
101.3981801,7.5355714,96.9636254
104.3858142,7.7924941,96.8419853
107.3734167,8.0494216,96.7202976
110.3610491,8.3063592,96.5957037
113.3486507,8.5633022,96.4710591
116.3362811,8.820256,96.3434224
119.3238819,9.0772159,96.2157317
122.3115102,9.3341871,96.0849595
125.29911,9.5911652,95.9541302
128.286736,9.8481553,95.820126
131.2743347,10.1051531,95.6860614
134.2619582,10.3621636,95.5487247
137.2495559,10.6191829,95.4113243
140.2371765,10.8762154,95.2705502
143.2247731,11.1332578,95.1297091
146.2123908,11.3903142,94.9853883
149.1999862,11.6473815,94.8409972
152.1876005,11.9044638,94.6930155
155.1751947,12.1615582,94.5449601
158.1628055,12.4186684,94.3931984
161.1503983,12.6757921,94.2413594
164.1380047,12.9329325,94.0856929
167.1255965,13.1900879,93.9299456
170.1132004,13.4472608,93.7702439
173.1007893,13.7044478,93.6104577
176.088383,13.9616472,93.4465834
179.0759782,14.2188469,93.2826208
182.0635553,14.4760363,93.1144317
185.0511682,14.7332302,92.9461504
188.0387379,14.9904356,92.7734973
191.0263544,15.2476654,92.6007478
194.0139217,15.5049137,92.4234724
197.0015329,15.76219,92.2460957
199.9890954,16.0194873,92.0640321
202.9767029,16.2768148,91.8818619
205.9642609,16.5341654,91.6948361
208.9518634,16.7915484,91.5076976
211.9394166,17.0489568,91.3155261
214.9270138,17.3064001,91.1232353
217.914562,17.5638716,90.925725
220.9021531,17.8213806,90.7280877
223.8896959,18.0789206,90.5250348
226.8772804,18.336501,90.3218465
229.8648173,18.5941156,90.1130357
232.8523945,18.8517738,89.9040802
235.8399252,19.1094699,89.6892838
238.8274943,19.3672129,89.4743325
241.8150182,19.6249977,89.2533096
244.8025784,19.8828333,89.0321205
247.7900949,20.1407149,88.8046157
250.7776455,20.3986515,88.5769322
253.7651539,20.6566388,88.3426743
256.7526939,20.9146857,88.108224
259.7401935,21.1727884,87.866925
262.727722,21.4309558,87.6254183
265.7152118,21.6891849,87.3767714
268.7027277,21.9474841,87.1279002
271.6902069,22.2058511,86.8715783
274.6777091,22.4642946,86.6150139
277.6651764,22.7228128,86.3506679
280.6526637,22.9814142,86.0860592
283.6401179,23.240098,85.8133155
286.627589,23.4988726,85.5402871
289.6150287,23.7577379,85.2587454
292.6024821,24.0167024,84.9768947
295.5899058,24.2757669,84.6861252
298.5773399,24.5349398,84.3950202
301.5647457,24.7942231,84.0945603
304.5521588,25.0536251,83.7937359
307.5395449,25.3131488,83.4830871
310.5269349,25.5728029,83.1720417
313.5142992,25.8325913,82.8506651
316.5016639,26.0925231,82.5288568
319.4890038,26.3526033,82.1961687
322.4763408,26.6128415,81.8630101
325.4636536,26.8732439,81.5183764
328.4509602,27.1338206,81.1732296
331.4382428,27.3945792,80.8159599
334.4255158,27.6555304,80.4581299
337.4127646,27.9166828,80.0874698
340.4000008,28.1780479,79.7161974
343.3872127,28.4396355,79.3313204
346.3744077,28.7014576,78.9457732
349.3615763,28.9635258,78.5457708
352.3487276,29.2258562,78.1450341
355.3358559,29.4884674,77.7289057
358.3229492,29.751389,77.3119715
361.3100358,30.0146538,76.878604
364.2970527,30.2782676,76.4443507
367.2840785,30.542246,75.9925066
370.2710259,30.806605,75.5396875
373.2579766,31.07138,75.0679883
376.2448524,31.3365934,74.5952151
379.2317206,31.6022781,74.1021094
382.2185137,31.8684418,73.6078188
385.2052934,32.1350929,73.0915523
388.1920049,32.4021967,72.5739756
391.1787052,32.6697114,72.0325539
394.165353,32.9375508,71.4896799
397.1520008,33.2056262,70.9208238
400.1386174,33.4738383,70.3503526
403.1252459,33.7421042,69.7646996
406.1118586,34.0103836,69.1780843
409.0984841,34.2786596,68.5876367
412.0850996,34.5469307,67.9969416
415.0717234,34.8152037,67.4021585
418.0583408,35.0834771,66.8071067
421.0449626,35.3517507,66.2076921
424.0315819,35.6200237,65.6079855
427.0182018,35.8882968,65.0036197
430.004823,36.1565702,64.3989368
432.9914411,36.4248433,63.7892742
435.9780641,36.6931169,63.1792669
438.9646804,36.9613899,62.5639325
441.9513051,37.2296638,61.9482232
444.9379197,37.4979369,61.3268094
447.9245462,37.7662111,60.7049873
450.911159,38.0344842,60.0770493
453.8977872,38.3027587,59.4486664
456.8843982,38.5710319,58.8137175
459.8710281,38.8393068,58.178283
462.8576375,39.10758,57.5357889
465.844269,39.3758553,56.8927637
468.8308767,39.6441286,56.2421355
471.8175099,39.9124042,55.5909254
474.8041158,40.1806776,54.9315113
477.7907507,40.4489535,54.2714583
480.7773549,40.7172268,53.6025342
483.7639915,40.9855031,52.9329069
486.7505939,41.2537763,52.2536642
489.7372322,41.5220527,51.5736453
492.7238329,41.7903257,50.8831768
495.7104729,42.0586022,50.1918488
498.6970719,42.3268749,49.4891306
501.6837137,42.5951513,48.7854573
504.6703109,42.8634235,48.0693269
507.6569545,43.1316996,47.3521311
510.6435498,43.3999711,46.6212599
513.6301954,43.6682468,45.8891948
516.616789,43.9365174,45.1420523
519.6034364,44.2047924,44.3935655
522.5900273,44.4730617,43.6283745
525.5766773,44.7413357,42.8616612
528.56327,45.0096033,42.0763362
531.5499202,45.2778697,41.2892763
534.5364982,45.546113,40.4813379
537.523166,45.8143182,39.6714074
540.5098181,46.0824494,38.8378636
543.496454,46.3505274,38.0020115
546.4832856,46.6186046,37.1390757
549.4697693,46.8866489,36.2734252
552.4567698,47.1547446,35.3763472
555.4430859,47.4227689,34.4760517
558.4302595,47.6908511,33.5388469
561.4164041,47.9588837,32.5978208
564.4037184,48.2270903,31.6127488
567.3897163,48.4949597,30.6231396
570.3772531,48.7629873,29.5799409
573.3627303,49.0344169,28.5313747
576.3491939,49.3148022,27.4574581
579.3320848,49.6121142,26.3811487
582.3126451,49.936683,25.3040723
585.2890391,50.3024852,24.2269306
588.2498831,50.7238807,23.1942671
591.2133951,51.2226383,22.1648981
594.1406919,51.8126393,21.2546004
597.0630634,52.5312823,20.3530851
599.9003421,53.3815862,19.6274824
602.7552333,54.3705828,18.9216835
605.6188095,55.4643874,18.2323223
608.3757797,56.6382385,17.5469494
611.171011,58.0498944,16.7996577
613.5491968,59.6008366,16.0223181
615.680744,61.6391384,15.7515365
617.3994829,63.9598357,15.7816169
618.9502287,66.6258363,16.0378273
620.1229887,69.3440514,16.4222297
620.9830447,72.2801229,16.8264426
621.466583,75.2560079,17.0090561
621.7323771,78.2463486,17.1633018
621.9781369,81.2917724,16.172697
622.3816057,84.2139141,14.9146847
623.162598,87.1285803,14.3583423
624.3418844,89.8517382,13.919325
625.9681785,92.4939338,13.5456273
627.7975776,94.7630491,13.5360007
630.0722856,96.6141429,14.0811641
632.6089683,97.8570314,14.5747464
635.6004504,98.8011353,15.053956
638.5423135,99.4015149,15.5063598
641.5835322,99.7887249,15.9848024
644.5939068,99.9508749,16.550525
647.5556144,99.8802015,17.140545
650.5430667,99.5839804,17.8606733
653.4998559,99.1078372,18.6023909
656.4391982,98.4966905,19.4928313
659.350431,97.7996467,20.3956984
662.2566417,97.0542621,21.3934498
665.1541268,96.2882328,22.3902419
668.0534153,95.5176105,23.3795044
670.9498079,94.7474485,24.3636525
673.8483256,93.9771902,25.3088883
676.7458651,93.2074195,26.2498484
679.6439262,92.4375261,27.1601096
682.5419831,91.6680207,28.0666786
685.4396321,90.8993991,28.9483836
688.3388969,90.1312875,29.8269047
691.2368428,89.3644346,30.6850274
694.1368495,88.5975108,31.5405684
697.035373,87.831454,32.3798927
699.9356286,87.0667506,33.2159295
702.8357641,86.3055143,34.0311976
705.7377971,85.5490328,34.8434461
708.6412131,84.7992564,35.6362369
711.5468014,84.0577082,36.4262694
714.4551068,83.3259645,37.1980799
717.365766,82.6058277,37.9672398
720.2803969,81.8986134,38.7185203
723.1975457,81.2063834,39.4671725
726.1197808,80.5302583,40.1979578
729.0446646,79.8725613,40.9259953
731.975604,79.2343219,41.6356021
734.9093049,78.6180997,42.3420748
737.8498294,78.0248432,43.0283639
740.7931231,77.457,43.7112235
743.7436323,76.9151323,44.3735104
746.6966958,76.4010024,45.0331146
749.6568411,75.9144099,45.678172
752.6190488,75.4561511,46.3224703
755.5876887,75.0252543,46.963145
758.5579428,74.6217096,47.6050995
761.5336987,74.2441111,48.2523195
764.5105083,73.8919309,48.9022064
767.4916684,73.5639315,49.5614218
770.4738292,73.260219,50.2238102
773.4590233,72.9799994,50.8955643
776.4462047,72.7220751,51.5704406
779.4347978,72.4851556,52.2531489
782.4259262,72.2679662,52.9389096
785.417287,72.0696977,53.6313282
788.4110159,71.8895672,54.3267922
791.4045598,71.7271245,55.0281922
794.4002451,71.5816545,55.7326865
797.3954937,71.4527165,56.4427218
800.3926267,71.3396768,57.1559519
803.3891468,71.2421083,57.8745848
806.3872827,71.1594288,58.5965408
809.3847007,71.0912002,59.3239441
812.383481,71.0368778,60.0548279
815.381481,70.9960057,60.7913761
818.3805964,70.9680617,61.5315871
821.3789226,70.9525715,62.2778412
824.3781131,70.9490352,63.0279138
827.3765687,70.956983,63.7844831
830.3756142,70.9759697,64.5448491
833.3740515,71.0055979,65.3119622
836.3727733,71.0455656,66.0823976
839.3710835,71.0956805,66.8590491
842.3692966,71.1559428,67.6377825
845.3673403,71.2265313,68.4206279
848.364881,71.3078759,69.2034787
851.3624982,71.400628,69.9863405
854.3590575,71.5056554,70.7669579
857.3558685,71.6236884,71.5427072
860.3509362,71.7549202,72.3149857
863.3462552,71.8995907,73.0795183
866.3400628,72.0576214,73.8406138
869.3336792,72.2290838,74.5939263
872.3265597,72.4139795,75.3330492
875.3185456,72.6115746,76.0396752
878.3101241,72.8199181,76.7131508
881.3008024,73.0364823,77.3095204
884.2914039,73.2581753,77.8625844
887.2815874,73.4820566,78.3128844
890.2720266,73.705786,78.7165775
893.2623555,73.9281335,79.0069629
896.2528763,74.1499064,79.2533363
899.2431291,74.3734928,79.3897693
902.2329736,74.6038409,79.4917882
905.2217835,74.8460492,79.5052939
908.2092534,75.1051063,79.4990437
911.1947721,75.3849993,79.4403867
914.1781068,75.6879935,79.380778
917.1587728,76.0156965,79.3185614
920.136572,76.3689162,79.2677166
923.1111483,76.7481907,79.2490996
926.0822409,77.153762,79.2347435
929.0496483,77.5858066,79.2328841
932.0129801,78.0443929,79.2330919
934.9721945,78.5296127,79.2395717
937.9267437,79.0414304,79.2473694
940.8767378,79.5799014,79.2592975
943.8215485,80.144914,79.2722136
946.761323,80.7366009,79.2883206
949.695398,81.3551451,79.3052024
952.6238738,82.0007456,79.3246573
955.5460612,82.6730918,79.3447154
958.4623287,83.3720865,79.3668278
961.3717292,84.0973423,79.3894017
964.2749356,84.8489256,79.4135796
967.1707307,85.6265262,79.438107
970.0599412,86.4303803,79.4638649
972.9411925,87.2601025,79.4898875
975.8154579,88.1159714,79.5168464
978.6812341,88.9975375,79.5440077
981.5396109,89.9051356,79.5718825
984.3889907,90.8382535,79.5999149
987.230543,91.79727,79.6284959
990.0626143,92.7816206,79.6572031
992.8864141,93.7917196,79.6863387
995.7002744,94.8269622,79.7155782
998.5054026,95.8877846,79.7451588
1001.3001587,96.973557,79.7748278
1004.0857062,98.0847218,79.8047738
1006.8604742,99.2206417,79.834797
1009.6255418,100.3817474,79.8650496
1012.3794472,101.5674142,79.8953711
1015.1231478,102.778042,79.9258854
1017.8553221,104.0130355,79.9564625
1020.5767769,105.2727472,79.9872036
1023.2863651,106.5566369,80.0180028
1025.984714,107.8649878,80.0489429
1028.6708585,109.1973139,80.0799375
1031.3452336,110.5538443,80.1110543
1034.0070198,111.9342329,80.1422221
1036.6564542,113.338654,80.1734956
1039.2930001,114.7668416,80.2048156
1041.916664,116.2187581,80.2362244
1044.5272079,117.6941582,80.2676736
1047.124432,119.1928528,80.2991938
1049.7081762,120.7147426,80.330743
1052.2781692,122.2596596,80.3623396
1054.8342863,123.8275117,80.3939473
1057.3762597,125.418117,80.4255719
1059.9039687,127.0313839,80.4571922
1062.4171424,128.6671228,80.4888065
1064.9156614,130.3252389,80.5204282
1067.3992659,132.0055463,80.5520597
1069.8678245,133.7079473,80.5837704
1072.3210839,135.4322686,80.6155786
1074.7588929,137.1784173,80.6475646
1077.1810079,138.9462299,80.6797556
1079.5872718,140.7355986,80.7118848
1081.9774664,142.5463443,80.7439472
1084.3514524,144.3783202,80.7758179
1086.7090354,146.23133,80.8074941
1089.0500816,148.1052193,80.8392129
1091.3743955,149.9997935,80.8709723
1093.6818374,151.9149113,80.9028883
1095.9722029,153.8503825,80.9349446
1098.2453631,155.8060836,80.9671541
1100.5010964,157.7818047,80.9994927
1102.739291,159.7774292,81.0319405
1104.9596788,161.792771,81.0644745
1107.1620296,163.8277279,81.0970771
1109.3462336,165.8822051,81.1297303
1111.5120387,167.9558764,81.1624249
1113.659547,170.0487589,81.195148
1115.7883496,172.1603817,81.2278995
1117.8986192,174.2908835,81.2606695
1119.9898181,176.4397159,81.2934633
1122.0622139,178.6071474,81.3262716
1124.1151707,180.7925022,81.359102
1126.149065,182.9961731,81.3919449
1128.1631637,185.2173571,81.4248079
1130.1579353,187.4565629,81.4576819
1132.1325714,189.7128734,81.4905735
1134.0876129,191.9868973,81.5234742
1136.0221992,194.2776227,81.5563895
1137.936918,196.5857337,81.5893122
1139.8308842,198.9101509,81.6222466
1141.7047048,201.2516047,81.6551867
1143.5574989,203.6089791,81.6881362
1145.3898648,205.983018,81.7210903
1147.2009527,208.3726029,81.7540525
1148.9913271,210.7784574,81.7870185
1150.7601938,213.199494,81.8199924
1152.5080603,215.6363839,81.8529701
1154.2342067,218.0881014,81.8859563
1155.9390693,220.5552368,81.9189467
1157.6220211,223.0368535,81.9519458
1159.2834055,225.5334362,81.9849493
1160.922688,228.0441617,82.0179581
1162.5401747,230.5693621,82.0509697
1164.1355041,233.1082686,82.0839739
1165.708916,235.6611247,82.1169742
1167.2600691,238.2273014,82.1499383
1168.7890305,240.8069965,82.1828824
1170.2954209,243.3997659,82.2157486
1171.7792464,246.0056451,82.2485701
1173.2403403,248.6242458,82.2907115
1174.6787188,251.2554442,82.3384837
1176.0943224,253.8989359,82.4062299
1177.4871723,256.5544895,82.4866831
1178.8573077,259.2218494,82.5934896
1180.2047651,261.9007,82.7179651
1181.5296545,264.5908286,82.8715258
1182.8320302,267.29187,83.0456374
1184.1120483,270.0036379,83.2485725
1185.3697789,272.7257464,83.4729523
1186.6053996,275.4580246,83.7235585
1187.8189927,278.2000918,83.9946807
1189.0107366,280.9517805,84.2877323
1190.180719,283.7127369,84.5987853
1191.3290978,286.4827892,84.926388
1192.4559576,289.2616264,85.2682148
1193.5614217,292.0490656,85.6206511
1194.6455675,294.8448469,85.9826118
1195.7084808,297.6487693,86.349083
1196.7502263,300.4606272,86.7197737
1197.7708463,303.2802035,87.0890637
1198.7703883,306.1073409,87.4569915
1199.748852,308.9417954,87.8180681
1200.7062399,311.7834782,88.1722263
1201.6424685,314.632208,88.5147552
1202.5573844,317.487875,88.8451048
1203.4507422,320.3503598,89.1599176
1204.322487,323.2194858,89.4578597
1205.1727571,326.0949807,89.7373148
1206.001629,328.9767598,89.9959689
1206.8090005,331.8645915,90.2342975
1207.5948014,334.758415,90.4489313
1208.3589142,337.6580469,90.6426463
1209.1012246,340.5633234,90.8110608
1209.8216321,343.4741498,90.9592901
1210.5200065,346.3902969,91.0821327
1211.1962669,349.3117236,91.1869175
1211.8502814,352.2381377,91.2680188
1212.4819932,355.1695383,91.3346135
1213.0912843,358.1055929,91.3813081
1213.678124,361.0463152,91.4184257
1214.2424334,363.9913534,91.4417626
1214.7842348,366.9407069,91.4615872
1215.3035206,369.8940288,91.4760975
1215.8003821,372.8512774,91.4842911
1216.2749101,375.8121382,91.4824148
1216.727291,378.7765016,91.4692656
1217.157769,381.7441099,91.4371587
1217.5667083,384.7147566,91.3884169
1217.9545811,387.6882633,91.310153
1218.3219829,390.6643047,91.2120414
1218.6696231,393.6428178,91.0767788
1218.9982729,396.6233576,90.9257967
1219.3088281,399.6060119,90.7438329
1219.602201,402.5901868,90.5586529
1219.8794805,405.5761636,90.3668178
1220.1417837,408.5631407,90.1719687
1220.3903556,411.5516396,89.9706012
1220.6263188,414.5407702,89.7664611
1220.8509179,417.5311557,89.5560886
1221.0652794,420.5219395,89.3431928
1221.2705946,423.5137035,89.1244326
1221.4678873,426.5056726,88.9033516
1221.6581885,429.4984179,88.6767214
1221.8423118,432.4912364,88.4478921
1222.0210607,435.4846802,88.2136775
1222.1950333,438.4781208,87.9773086
1222.3648215,441.4720704,87.7355591
1222.530849,444.4659784,87.4916446
1222.6935448,447.460305,87.2422369
1222.8532147,450.4545768,86.9906187
1223.0101792,453.4491921,86.7333208
1223.1646731,456.4437536,86.4737447
1223.3169507,459.4385938,86.2082572
1223.4672068,462.4333888,85.9404085
1223.6156549,465.4284037,85.6663866
1223.7624667,468.4233873,85.389908
1223.9078277,471.4185357,85.1069698
1224.0518931,474.4136699,84.8214686
1224.1948268,477.408916,84.5291975
1224.3367719,480.4041693,84.2342467
1224.4778721,483.3994814,83.9321901
1224.6182563,486.3948285,83.6273268
1224.7580646,489.3901802,83.3149923
1224.8974643,492.3855867,82.9997139
1225.0366519,495.3809315,82.6765649
1225.1758991,498.376382,82.350328
1225.3153471,501.3716987,82.0157895
1225.4549459,504.3671812,81.6780083
1225.5946511,507.3624966,81.3314417
1225.7345565,510.3579671,80.9814679
1225.8747394,513.3532746,80.6221682
1226.0153086,516.348698,80.2592887
1226.1563494,519.343981,79.8864887
1226.2979709,522.3393411,79.5099248
1226.4402643,525.3345821,79.1227832
1226.5833391,528.3298561,78.7316797
1226.7272954,531.325036,78.3292712
1226.87225,534.3202015,77.9226859
1227.0183211,537.3152984,77.5039906
1227.1656426,540.3103288,77.0808827
1227.3143604,543.3053154,76.6447727
1227.464634,546.3001786,76.203988
1227.6166412,549.2950198,75.7492096
1227.7705603,552.2896765,75.2894596
1227.9265815,555.2843297,74.814605
1228.084858,558.2787379,74.3344348
1228.2455285,561.2731599,73.8378984
1228.4086239,564.2672908,73.3356424
1228.5741218,567.2614602,72.815577
1228.7418065,570.2553222,72.2893251
1228.9114061,573.2492646,71.7436387
1229.0824502,576.2429339,71.1912357
1229.2544945,579.2367462,70.6176021
1229.42705,582.2303168,70.0407756
1229.5997585,585.2240819,69.4538226
1229.7723792,588.2176308,68.8658733
1229.9448258,591.2113691,68.274763
1230.1171446,594.2049748,67.6825931
1230.2894178,597.1987009,67.0870682
1230.4616667,600.1923556,66.4904076
1230.633918,603.1860759,65.8901628
1230.8061657,606.1797373,65.2887
1230.9784152,609.1734492,64.6834089
1231.150662,612.1671186,64.0768115
1231.3229109,615.1608228,63.4661275
1231.4951585,618.1545011,62.85404
1231.6674076,621.1481984,62.2375853
1231.8396565,624.1418837,61.619621
1232.0119063,627.1355746,60.9969843
1232.1841569,630.1292668,60.3727215
1232.3564079,633.122952,59.7434531
1232.5286604,636.11665,59.1124308
1232.7009127,639.1103302,58.4760379
1232.8731672,642.1040336,57.8377505
1233.0454208,645.0977091,57.1936908
1233.2176771,648.0914173,56.5475818
1233.3899321,651.0850888,55.8952568
1233.5621901,654.0788013,55.2407114
1233.7344462,657.0724692,54.5794577
1233.9067056,660.0661854,53.915794
1234.0789626,663.0598503,53.2448733
1234.2512231,666.0535698,52.5713316
1234.4234806,669.0472319,51.8899181
1234.5957419,672.0409545,51.2056482
1234.7679998,675.0346142,50.5128138
1234.9402614,678.0283394,49.8168587
1235.1125192,681.021997,49.1115543
1235.2847809,684.0157245,48.4028312
1235.4570383,687.0093804,47.6838637
1235.6292997,690.00311,46.961139
1235.8015564,692.9967642,46.227142
1235.9738172,695.9904957,45.4890008
1236.1460729,698.9841486,44.7383976
1236.3183327,701.9778818,43.983204
1236.4905873,704.9715334,43.2141594
1236.662846,707.9652682,42.4400054
1236.8350991,710.9589186,41.6503626
1237.0073565,713.9526548,40.8550001
1237.1796082,716.946304,40.0421965
1237.3518643,719.9400418,39.2229464
1237.5241145,722.9336905,38.3838985
1237.6963692,725.9274286,37.5375258
1237.8686179,728.9210747,36.6684684
1238.0408713,731.9148172,35.7910068
1238.2131187,734.908467,34.8872631
1238.3853717,737.902201,33.9737609
1238.5576191,740.8958348,33.0293992
1238.729869,743.8895992,32.0735395
1238.9020994,746.8832772,31.08086
1239.0743019,749.8769614,30.0743723
1239.2470153,752.8704795,29.0230381
1239.4219699,755.864206,27.9606177
1239.6041319,758.8574341,26.8616306
1239.8048882,761.8489369,25.7706565
1240.0379318,764.8375145,24.7066029
1240.319981,767.8216089,23.6741626
1240.6732819,770.7942951,22.7502557
1241.1336597,773.7616819,21.8800957
1241.725705,776.6983595,21.210452
1242.465275,779.6067625,20.5359756
1243.355586,782.4590028,19.838499
1244.406186,785.2886278,19.153115
1245.6152576,788.0865794,18.5574186
1246.951341,790.7368378,17.9927072
1248.575964,793.4058703,17.7919192
1250.3246112,795.6654068,17.69792
1252.5179862,797.6571634,17.8038451
1254.9029161,799.2530392,18.1566772
1257.6390401,800.7829897,18.5382088
1260.3227698,802.1120684,18.9542999
1263.0270462,803.3976403,19.4822471
1265.6556566,804.6660395,20.5807796
1268.4222667,806.0154712,21.5514585
1271.1024494,807.3467748,21.6476204
1273.7735846,808.7817454,21.7437824
1276.4843771,810.4891919,21.6610445
1278.7542214,812.2426086,21.5312939
1280.851233,814.3732234,21.8216597
1282.5954286,816.6043784,22.2317606
1284.3537355,819.0497648,22.6708927
1285.9421252,821.5437698,23.135909
1287.4576617,824.2240228,23.6086036
1288.8164662,826.9202437,24.0656282
1290.0659632,829.658509,24.5192867
1291.2343545,832.4430401,24.9351469
1292.2987239,835.2345929,25.3366861
1293.2554982,838.0734882,25.7395323
1294.1036227,840.9458592,26.1430216
1294.8616748,843.8455167,26.7050478
1295.5580903,846.7602377,27.3505801
1296.2286974,849.6819486,28.1508922
1296.892557,852.6059054,29.031758
1297.5571047,855.5300155,29.8990923
1298.2256786,858.4529119,30.7596145
1298.8995142,861.374739,31.5961686
1299.5817131,864.2946866,32.4211614
1300.276456,867.2116721,33.2188711
1300.9858606,870.1251792,34.004024
1301.7106214,873.0348036,34.7773972
1302.4506929,875.9407323,35.5456061
1303.2053783,878.842705,36.3094829
1303.973989,881.7412672,37.0715503
1304.7554979,884.636099,37.8322979
1305.5491737,887.5279457,38.5925196
1306.353977,890.4163657,39.3526257
1307.1693071,893.3022195,40.1126876
1307.9942159,896.1849437,40.8731417
1308.8282624,899.0654717,41.6337395
1309.6705994,901.9431502,42.3951028
1310.520908,904.8189367,43.1567369
1311.3784131,907.6921086,43.9195326
1312.2429043,910.5636745,44.6827273
1313.1136598,913.4329004,45.4475014
1313.9903399,916.3007711,46.2128053
1314.8721101,919.1667731,46.9802928
1315.7587371,922.0314988,47.7485007
1316.6498392,924.8946354,48.5197376
1317.5452042,927.7565651,49.2919618
1318.4444306,930.6171201,50.0679865
1319.3473438,933.4766833,50.8452381
1320.2536511,936.3350139,51.6259779
1321.1636331,939.1923314,52.4078355
1322.0776788,942.0482094,53.1895813
1322.99709,944.9024965,53.9712914
1323.9234644,947.7544022,54.7438779
1324.8592094,950.6033668,55.5135653
1325.8068551,953.4482415,56.2613771
1326.7687013,956.2885094,57.0022484
1327.7464833,959.1231081,57.7139174
1328.7410032,961.9521399,58.416318
1329.7519686,964.7750596,59.0457134
1330.7779509,967.5928685,59.6518687
1331.8162228,970.4059535,60.0894132
1332.8626263,973.2162161,60.4729256
1333.911914,976.0253474,60.6449335
1334.9588036,978.8353311,60.748478
1335.99819,981.6481564,60.641326
1337.0267147,984.4648458,60.46519
1338.0423163,987.2862685,60.1152909
1339.045002,990.1122755,59.7078951
1340.0360435,992.9423751,59.2044876
1341.0178303,995.7757522,58.6690069
1341.9932091,998.6112927,58.0818033
1342.9645696,1001.4482794,57.4771577
1343.9338561,1004.2859187,56.8454028
1344.9022255,1007.1239285,56.2044139
1345.8702764,1009.9619957,55.5520875
1346.8382847,1012.800125,54.8958576
1347.8062616,1015.6382223,54.2327102
1348.7742073,1018.4763686,53.5671536
1349.7420422,1021.3145188,52.8946088
1350.709728,1024.1527493,52.2196007
1351.6771889,1026.9910313,51.5369882
1352.6443708,1029.8294294,50.8516618
1353.6111859,1032.6679356,50.1581581
1354.5775387,1035.5066119,49.4616989
1355.5432935,1038.3454834,48.7566435
1356.508234,1041.1846358,48.0484406
1357.4720732,1044.0241632,47.3320432
1358.434365,1046.8642101,46.6126063
1359.3945663,1049.7049738,45.8862054
1360.3519601,1052.546671,45.1571878
1361.3057353,1055.3896027,44.4222962
1362.2548472,1058.2340724,43.6851691
1363.1981101,1061.0805003,42.9442008
1364.1338705,1063.9293887,42.2017524
1365.0601599,1066.781367,41.4618726
1365.9742754,1069.6372818,40.7229947
1366.8730084,1072.4979527,39.9990353
1367.7528024,1075.3646597,39.2809651
1368.6095917,1078.2379935,38.5864189
1369.4393562,1081.1196852,37.9012781
1370.237499,1084.0097233,37.2440875
1371.0007494,1086.9098575,36.5982557
1371.7253768,1089.8176683,35.9838642
1372.4107761,1092.7376076,35.3825531
1373.0545728,1095.6651656,34.81704
1373.6509921,1098.6052538,34.2670428
1374.189963,1101.5577517,33.7551807
1374.6639843,1104.5186992,33.2612411
1375.0684598,1107.4933216,32.8065437
1375.3943943,1110.4724462,32.3719751
1375.633656,1113.4632147,31.983533
1375.7816028,1116.4562735,31.6196224
1375.8379836,1119.4562246,31.2987781
1375.8018734,1122.4525534,31.000132
1375.6720632,1125.4507962,30.7176695
1375.4471136,1128.438258,30.4427489
1375.1236756,1131.4216656,30.1772151
1374.6986821,1134.3866625,29.9153214
1374.1660842,1137.3385654,29.7195955
1373.525105,1140.2651758,29.5430174
1372.7739374,1143.1684027,29.4361348
1371.9141038,1146.0398336,29.3422117
1370.9457997,1148.8778701,29.2757847
1369.8706133,1151.6765313,29.2118596
1368.6893779,1154.4324794,29.1506771
1367.403603,1157.1412908,29.0892393
1366.0149296,1159.7986559,29.0239899
1364.5248656,1162.4008219,28.958183
1362.9354323,1164.943337,28.8890437
1361.2485517,1167.4223473,28.8195237
1359.4663157,1169.8336484,28.7486421
1357.590797,1172.1729221,28.6777286
1355.6241519,1174.4360698,28.6067381
1353.5688539,1176.6192352,28.5694734
1351.4287404,1178.7192604,28.5899818
1349.2085927,1180.7348343,28.7690869
1346.9146016,1182.6657508,29.1484205
1344.5535405,1184.5138281,29.5693107
1342.1310078,1186.280849,30.0294911
1339.6528145,1187.9674923,30.4943042
1337.1216596,1189.5756078,30.9624085
1334.5440342,1191.1040195,31.4284854
1331.91922,1192.5559573,31.8934816
1329.2573007,1193.9286664,32.359687
1326.5513981,1195.2268478,32.8263784
1323.8179832,1196.4429623,33.2967078
1321.0387056,1197.5825842,33.768172
1318.2386616,1198.6331926,34.2414912
1315.3953225,1199.6083017,34.7153028
1312.5368561,1200.5055106,35.1854127
1309.6499173,1201.3331063,35.6545162
1306.7440508,1202.0901225,36.1120352
1303.8255498,1202.7786948,36.5657742
1300.8877156,1203.4044671,37.0014205
1297.9457589,1203.9692252,37.429836
1294.9907,1204.4800974,37.8469397
1292.0293344,1204.9362719,38.2589642
1289.0587931,1205.336694,38.7082386
1286.0810855,1205.6879369,39.1748032
1283.0991476,1206.0017306,39.7672139
1280.1147028,1206.2913091,40.4185615
1277.1292665,1206.5701251,41.1630563
1274.1431112,1206.8450158,41.9512683
1271.1567179,1207.1184693,42.7431151
1268.1705582,1207.3914965,43.5366756
1265.1842367,1207.6643034,44.3294826
1262.1981251,1207.9369815,45.1219325
1259.2118935,1208.2096608,45.914207
1256.2257248,1208.4823527,46.7063982
1253.2394793,1208.7550546,47.4990085
1250.2533068,1209.0277491,48.2918175
1247.2670897,1209.3004508,49.0855825
1244.2808958,1209.5731541,49.8797996
1241.2946917,1209.8458604,50.6754627
1238.3084826,1210.1185685,51.4718074
1235.3222962,1210.3912755,52.2700467
1232.33607,1210.6639868,53.0691757
1229.3498998,1210.9366928,53.8706103
1226.3636569,1211.2094054,54.6731236
1223.3775033,1211.4821103,55.3920521
1220.3912439,1211.7548272,56.0719888
1217.4051089,1212.0275383,56.5665149
1214.4188341,1212.3002721,56.9746951
1211.432716,1212.5730069,57.1523805
1208.4464273,1212.8457757,57.2227092
1205.4603375,1213.1185465,57.063711
1202.4740367,1213.3913595,56.7976267
1199.4879519,1213.6641773,56.3485515
1196.5016354,1213.9370288,55.8135533
1193.5155963,1214.2098566,55.1947978
1190.5292819,1214.4828086,54.536353
1187.5433611,1214.7559803,53.8717234
1184.5570484,1215.0295056,53.2041243
1181.571059,1215.3033124,52.5298118
1178.584772,1215.5773517,51.8522156
1175.5985817,1215.8514285,51.1671705
1172.6123998,1216.1254938,50.4783899
1169.6260997,1216.3995685,49.7813338
1166.6400274,1216.6736215,49.0800081
1163.653637,1216.9476971,48.3695207
1160.6676503,1217.2217254,47.6541728
1157.6811735,1217.4957869,46.9286533
1154.6952756,1217.769798,46.1976079
1151.7087518,1218.0438846,45.4552574
1148.722924,1218.3178161,44.7066662
1145.7360674,1218.5915444,43.9454745
1142.7502427,1218.8645282,43.1772918
1139.7633356,1219.1365563,42.3949247
1136.7775696,1219.4076342,41.6047656
1133.7911934,1219.6785219,40.7990476
1130.8052694,1219.9493581,39.9850468
1127.8192342,1220.2201777,39.1539816
1124.8329931,1220.4909806,38.3142725
1121.8472001,1220.7617052,37.4554323
1118.8606483,1221.0324437,36.5874473
1115.8752795,1221.303008,35.6977065
1112.8883546,1221.5737905,34.7981345
1109.9034296,1221.8444711,33.8736124
1106.9158576,1222.1130188,32.9382894
1103.930625,1222.3748262,32.0031907
1100.9409483,1222.6234119,31.0681875
1097.9564069,1222.8490087,30.1889488
1094.961642,1223.0403416,29.3340691
1091.9706766,1223.1822817,28.6272636
1088.969432,1223.2576108,27.9915636
1085.9667409,1223.24574,27.4446502
1082.9687604,1223.1287824,26.9508019
1079.9708787,1222.8889511,26.6092479
1076.9945352,1222.5169874,26.3880891
1074.0308639,1222.0054008,26.2366771
1071.1024476,1221.3549676,26.1534676
1068.2039053,1220.5649703,26.0691815
1065.3546461,1219.6417505,25.9838417
1062.5505729,1218.5869385,25.8927487
1059.8072494,1217.4068515,25.7976443
1057.1282478,1216.105425,25.7021871
1054.4870187,1214.6681473,25.6066155
1051.9269168,1213.1197427,25.8828549
1049.4346273,1211.4384995,26.1923079
1047.0635967,1209.6317364,26.6146861
1044.7986158,1207.6635208,27.0474936
1042.6711334,1205.5840774,27.5238123
1040.5848898,1203.3829937,27.9988625
1038.5749434,1201.158178,28.4693926
1036.6062875,1198.8844941,28.9358769
1034.6914878,1196.5694009,29.3833166
1032.8525874,1194.2117385,29.8235912
1031.0862523,1191.7855284,30.222717
1029.4018808,1189.3083861,30.6217928
1027.7898703,1186.7789891,31.0205528
1026.2452095,1184.2106319,31.446648
1024.7528317,1181.6099591,32.0507876
1023.2905613,1178.9916526,32.683878
1021.8387958,1176.3676743,33.5104955
1020.3902082,1173.7423595,34.3363221
1018.9406616,1171.1172194,35.1567308
1017.4907562,1168.4925372,35.9760213
1016.0410081,1165.8675176,36.787496
1014.5914921,1163.2426123,37.5981175
1013.141811,1160.6175711,38.4026736
1011.6921861,1157.9927114,39.2065954
1010.2424973,1155.3676906,40.0059439
1008.792894,1152.7428019,40.8048426
1007.3432163,1150.11779,41.6004607
1005.8935994,1147.4928938,42.3957865
1004.4439271,1144.8678942,43.1889619
1002.9943055,1142.242985,43.9819819
1001.5446397,1139.6179969,44.7738495
1000.0950109,1136.9930765,45.5656819
998.6453511,1134.3681,46.3572513
997.1957158,1131.7431683,47.1488924
995.746062,1129.1182033,47.9410697
994.2964201,1126.4932603,48.7334146
992.8467722,1123.8683068,49.5270194
991.3971238,1121.2433526,50.3208786
989.9474822,1118.6184107,51.1166579
988.497827,1115.9934451,51.9127705
987.048191,1113.368515,52.7114098
985.5985296,1110.7435377,53.5104547
984.1488985,1108.1186183,54.3125899
982.6992197,1105.4936397,55.1151971
981.2495638,1102.8687633,55.9214226
979.7997997,1100.2438039,56.7281797
978.3500466,1097.6190018,57.5390445
976.9001803,1094.9940687,58.3504977
975.4503858,1092.369279,59.1665456
974.0005151,1089.7443551,59.9832346
972.5507108,1087.1195549,60.8049984
971.1008454,1084.4946456,61.6274497
969.6510343,1081.8698355,62.4554304
968.2011739,1079.2449366,63.2841399
966.7513561,1076.6201155,64.1188181
965.3015015,1073.9952284,64.9542616
963.8516773,1071.3703962,65.7960999
962.4018289,1068.7455204,66.6387359
960.9519985,1066.1206768,67.4881815
959.5021568,1063.4958122,68.3384537
958.0523206,1060.870957,69.1959407
956.6024859,1058.2461036,70.0542799
955.1526443,1055.6212365,70.9202311
953.702817,1052.996394,71.7870578
952.2529702,1050.3715149,72.6618863
950.8031503,1047.7466833,73.5376116
949.3532984,1045.121792,74.4217223
947.9034863,1042.4969714,75.30675
946.4536297,1039.8720685,76.200541
945.0038247,1037.2472582,77.0952687
943.5539617,1034.6223424,77.999132
942.1041647,1031.9975446,78.903952
940.6542995,1029.3726204,79.8182748
939.2045101,1026.7478271,80.7335744
937.7546506,1024.1228728,81.6587287
936.3049432,1021.498057,82.5848831
934.8552165,1018.8729968,83.5212531
933.4056755,1016.248129,84.4586473
931.9560368,1013.6230289,85.4065862
930.5065072,1010.9981526,86.3555742
929.0568352,1008.3730992,87.3153929
927.6072361,1005.7482317,88.2762899
926.157563,1003.1232034,89.2483012
924.7080612,1000.4982577,90.2214247
923.2587143,997.8730738,91.2059518
921.8098529,995.2477501,92.1909213
920.361621,992.6219758,93.1803929
918.9143798,989.995734,94.1657667
917.4683364,987.3687801,95.1098447
916.0236961,984.741081,96.0464496
914.5805637,982.1125545,96.9085121
913.1389234,979.4831809,97.7607192
911.6987397,976.853066,98.515611
910.2597432,974.2222163,99.2591285
908.8217413,971.5909357,99.891341
907.3842297,968.9592462,100.5114329
905.9468887,966.3276302,101.0137408
904.5090319,963.6961034,101.5038906
903.0702673,961.0652916,101.8763699
901.6297937,958.4351699,102.2373173
900.1872163,955.8064689,102.4866882
898.741697,953.1790953,102.725788
897.2929017,950.5538479,102.8650809
895.8399832,947.9305284,102.9959773
894.3827355,945.3099897,103.0444789
892.920427,942.6918501,103.0870548
891.4530123,940.0769147,103.07051
889.9798367,937.4649308,103.0510636
888.5007029,934.856468,103.0019873
887.0151604,932.2516448,102.9528742
885.5228206,929.6506149,102.9033754
884.0235672,927.0537656,102.8538373
882.516963,924.4608813,102.8038783
881.0030837,921.8726206,102.7538818
879.4813372,919.2884997,102.7034747
877.9519661,916.70946,102.6530366
876.414205,914.1347519,102.6022557
874.8684385,911.5655916,102.551454
873.3137266,909.0010073,102.5004214
871.750578,906.4424633,102.4493799
870.1778917,903.8887995,102.3982412
868.5962861,901.3416874,102.3471049
867.0045308,898.7998199,102.2959941
865.4033433,896.2650193,102.2448926
863.791409,893.7358725,102.1938838
862.1695378,891.2142857,102.1428807
860.5363892,888.6987816,102.0919308
858.8928533,886.191268,102.0409654
857.237631,883.6902481,101.9898662
855.5716883,881.1975567,101.9387063
853.893835,878.7117236,101.8870698
852.2050536,876.2343905,101.8353013
850.5043336,873.7641838,101.7825972
848.792708,871.3025669,101.7296658
847.0693135,868.8483432,101.6752868
845.3347692,866.4027225,101.6205743
843.5886246,863.9650716,101.5639605
841.8314209,861.5352381,101.5069138
840.0639194,859.1132487,101.4476474
838.2860921,856.6981443,101.3878718
836.4990726,854.2905828,101.325716
834.7025369,851.8893031,101.2630106
832.8977106,849.4951118,101.1979319
831.0841727,847.1065823,101.1322962
829.2632658,844.7246209,101.0644091
827.4344741,842.3477122,100.9959786
825.5991711,839.9768268,100.9254646
823.756769,837.6104351,100.8544286
821.908618,835.2495356,100.7814701
820.0540846,832.8926388,100.7080095
818.1944579,830.5407369,100.6327529
816.3290924,828.1924198,100.5570095
814.4591897,825.8486362,100.4795557
812.5841271,823.5080849,100.4016257
810.7049994,821.1716369,100.3220354
808.8212382,818.8381243,100.241976
806.9338147,816.5083087,100.1602796
805.0422442,814.1811783,100.0781193
803.1473568,811.8573585,99.9943256
801.2487721,809.5360127,99.9100721
799.3471653,807.2176085,99.8241747
797.442289,804.9015015,99.7378206
795.5346465,802.5879834,99.6498009
793.6241116,800.2766204,99.5613272
791.7110423,797.9674971,99.4711581
789.7955962,795.6602947,99.3805362
787.8780014,793.3548518,99.2881811
785.9584554,791.0511697,99.1953735
784.0368865,788.7490211,99.1007915
782.1134658,786.4486186,99.0057569
780.1880218,784.1497182,98.9089065
778.2608318,781.8524627,98.811602
776.3318172,779.5565641,98.7124364
774.4012281,777.262157,98.6128139
772.4689804,774.9689847,98.5112812
770.535306,772.6771709,98.4092876
768.6001269,770.3864773,98.3053315
766.6636555,768.0970203,98.2009094
764.7258166,765.8085815,98.0944698
762.7868053,763.5212697,97.9875581
760.8465503,761.2348837,97.8785709
758.9052308,758.9495256,97.7691046
756.9627791,756.6650101,97.6575022
755.0193598,754.3814325,97.545413
753.074909,752.0986225,97.4311242
751.1295779,749.8166689,97.3163399
749.1833061,747.5354152,97.1992901
747.2362326,745.2549439,97.0817353
745.2883009,742.9751113,96.9618462
743.3396382,740.6959938,96.8414419
741.3901919,738.4174598,96.7186318
739.4400784,736.1395797,96.5952953
737.4892492,733.8622333,96.4694786
735.5378103,731.5854848,96.3431238
733.5857173,729.309225,96.2142113
731.6330666,727.0335122,96.084748
729.6798179,724.7582473,95.9526464
727.7260586,722.4834829,95.8199805
725.7717523,720.2091296,95.6845927
723.8169778,717.9352341,95.5486261
721.8617032,715.6617164,95.4098503
719.9059987,713.3886176,95.2704805
717.9498367,711.1158664,95.1282107
715.9932795,708.8434983,94.9853308
714.036304,706.5714506,94.839456
712.0789646,704.2997531,94.6929543
710.1212428,702.0283515,94.5433587
708.1631855,699.7572697,94.3931183
706.2047786,697.4864618,94.2396809
704.2460618,695.2159457,94.0855797
702.2870259,692.9456835,93.9281736
700.3277031,690.6756873,93.770084
698.368089,688.405927,93.6085765
696.408209,686.1364089,93.4463647
694.4480634,683.8671106,93.2806167
692.4876708,681.5980322,93.1141426
690.5270363,679.3291592,92.9440084
688.5661718,677.0604858,92.7731253
686.6050873,674.7920046,92.5984518
684.6437882,672.5237039,92.4230055
682.6822895,670.2555838,92.2436322
680.7205898,667.9876266,92.063461
678.7587093,665.7198399,91.8792189
676.7966403,663.4521991,91.6941528
674.8344076,661.18472,91.5048645
672.8719927,658.9173745,91.3147247
670.9094229,656.6501865,91.120203
668.9466812,654.3831234,90.9248011
666.9837975,652.1162054,90.7248479
665.02076,649.8494009,90.5239846
663.057596,647.5827254,90.318391
661.0942918,645.3161524,90.1118558
659.1308708,643.0496994,89.9004008
657.1673193,640.7833405,89.6879714
655.2036605,638.5170933,89.4704215
653.2398806,636.2509327,89.2518623
651.2760017,633.9848761,89.0279699
649.31201,631.7188991,88.8030317
647.3479271,629.453019,88.5725342
645.3837392,627.1872124,88.3409524
643.4194671,624.9214962,88.103571
641.455097,622.6558476,87.8650646
639.4906492,620.3902835,87.6205026
637.5261099,618.124782,87.3747727
635.5614987,615.8593593,87.1227143
633.596802,613.5939945,86.8694424
631.6320385,611.3287037,86.6095504
629.6671951,609.0634664,86.3483966
627.7022896,606.7982984,86.0803108
625.7373091,604.5331802,85.810912
623.7722709,602.2681272,85.5342467
621.8071623,600.0031204,85.2562138
619.8419998,597.738175,84.9705555
617.8767709,595.4732729,84.6834711
615.9114915,593.2084285,84.3883751
613.9461495,590.9436248,84.0917908
611.9807601,588.6788757,83.7867784
610.0153113,586.4141649,83.4802108
608.0498178,584.1495059,83.1647652
606.0842679,581.8848831,82.8476926
604.1186755,579.6203096,82.5212548
602.1530295,577.3557706,82.1931126
600.1873427,575.0912787,81.8550763
598.2216047,572.8268198,81.5152517
596.2558275,570.5624062,81.1649575
594.2900009,568.2980245,80.8127842
592.3241364,566.0336864,80.4495129
590.3582241,563.7693793,80.0842638
588.3922748,561.5051145,79.7072286
586.4262791,559.2408802,79.3281081
584.4602469,556.976687,78.9364456
582.4941694,554.712524,78.5425799
580.5280557,552.4484014,78.135339
578.5618973,550.1843089,77.7257654
576.5957026,547.9202564,77.3018947
574.6294632,545.6562345,76.8755482
572.6631867,543.3922527,76.4338805
570.6968647,541.1283029,75.9895783
568.7305037,538.8643943,75.5288119
566.7640952,536.6005197,75.0652341
564.797645,534.3366883,74.5839105
562.8311452,532.0728934,74.0995773
560.8646014,529.8091431,73.5960537
558.8980078,527.5454299,73.0892969
556.9313718,525.2817594,72.5617119
554.9646919,523.0181215,72.0306401
552.997979,520.7545175,71.4768712
551.0312361,518.4909346,70.9193258
549.0644768,516.2273708,70.336936
547.0977047,513.9638134,69.753798
545.1309313,511.7002616,69.1656849
543.164155,509.4367082,68.5770291
541.197381,507.1731565,67.9847254
539.2306056,504.9096026,67.3918474
537.2638317,502.6460507,66.795066
535.2970562,500.3824971,66.1976764
533.3302821,498.118945,65.5961079
531.3635069,495.8553914,64.9938952
529.3967328,493.5918392,64.3872054
527.4299577,491.3282857,63.7798328
525.4631835,489.0647333,63.16766
523.4964086,486.8011799,62.5547627
521.5296345,484.5376272,61.9367141
519.5628598,482.2740738,61.3178961
517.5960856,480.0105209,60.6935439
515.6293112,477.7469676,60.0683737
513.662537,475.4834145,59.4372507
511.6957628,473.2198612,58.8052569
509.7289887,470.9563078,58.1668509
507.7622148,468.6927545,57.5275167
505.7954407,466.4292009,56.8812644
503.8286671,464.1656475,56.2340209
501.8618931,461.9020937,55.5793004
499.8951197,459.6385402,54.9235193
497.9283459,457.3749861,54.259641
495.9615728,455.1114326,53.5946255
493.9947991,452.8478782,52.9208212
492.0280263,450.5843246,52.2457946
490.0612527,448.3207699,51.5612046
488.0944803,446.0572162,50.8752972
486.1277069,443.7936611,50.1789541
484.1609348,441.5301073,49.4811868
482.1941616,439.266552,48.7719956
480.2273898,437.0029979,48.0612594
478.2606169,434.7394423,47.3379727
476.2938455,432.4758881,46.6130033
474.3270728,430.2123321,45.87419
472.3603017,427.9487777,45.1335356
470.3935293,425.6852214,44.3775404
468.4267587,423.4216667,43.6195205
466.4599869,421.1581101,42.8444119
464.4932163,418.8945551,42.0670636
462.5264433,416.6309985,41.2705648
460.5596725,414.367445,40.4715714
458.592903,412.1038887,39.6509676
456.6261439,409.8403205,38.8275632
454.6593954,407.5767353,37.9795767
452.6926499,405.3131702,37.1285683
450.7251825,403.0502472,36.2506831
448.7541884,400.7903476,35.3740265
446.7754428,398.5372842,34.5084435
444.7813776,396.2978648,33.6527604
442.7637776,394.080572,32.8876204
440.7112487,391.8938171,32.1395268
438.6166915,389.7504291,31.5511701
436.4684812,387.6567615,30.9803719
434.2686282,385.6276465,30.5871052
432.0052441,383.6521487,30.2034992
429.6961768,381.7466395,29.941622
427.3200792,379.9073433,29.6839938
424.8769726,378.1495225,29.5384659
422.3901034,376.4952432,29.3931477
419.8112591,374.9181866,29.3114799
417.2183905,373.4573876,29.2302563
414.5179296,372.0498411,29.1667583
411.8486086,370.7606665,29.1032565
409.083583,369.5434818,29.0397308
406.3456867,368.5087428,28.975075
403.4901989,367.6570593,28.9086317
400.5885481,367.023837,28.8420645
397.5943839,366.5301909,28.7754265
394.5769629,366.119805,28.815121
391.591706,365.7737112,28.9183787
388.5942968,365.4850223,29.1878499
385.607037,365.2679384,29.6086118
382.6224001,365.1421149,30.0436715
379.6248529,365.1157554,30.4938595
376.632587,365.1849367,30.9219509
373.6395313,365.3463187,31.3272074
370.6525346,365.596515,31.7658018
367.6686997,365.9028416,32.2363727
364.6822005,366.2057237,32.8569201
361.6947389,366.4646449,33.6133863
358.7001762,366.659611,34.2352791
355.7043369,366.7794319,34.7438895
352.7051023,366.8212106,35.0187509
349.7087284,366.780434,35.1206799
346.714532,366.6520222,35.1301335
343.7250703,366.435611,35.0843557
340.7424758,366.1342874,35.0405787
337.7688799,365.7491977,34.9977032
334.8076934,365.2803295,34.9560753
331.8603605,364.7276251,34.914852
328.9310963,364.0917866,34.8737732
326.0191254,363.3724374,34.8327258
323.1311003,362.5710265,34.7910383
320.264368,361.686653,34.749267
317.4272479,360.7217747,34.7068978
314.6152804,359.6747363,34.6644927
311.838062,358.5491345,34.6218669
309.0905659,357.3435178,34.5792378
306.3803076,356.0615067,34.5365524
303.7067707,354.7023757,34.4938175
301.0730572,353.2668218,34.4505909
298.4832517,351.7567437,34.4070814
295.9363171,350.1711727,34.3618012
293.4387135,348.5140443,34.318291
290.9877431,346.783715,34.282393
288.5897897,344.9856595,34.3032448
286.2411617,343.1192592,34.4978073
283.9460304,341.1922188,34.7646343
281.6998347,339.2056113,35.1912381
279.5033425,337.1654664,35.6151287
277.3528022,335.0754127,36.0346486
275.2498075,332.9468451,36.4852185
273.1735712,330.7875336,36.9728067
271.1067285,328.6294594,37.4339764
269.0148545,326.4804936,37.870945
266.8852065,324.3621136,38.104865
264.7131346,322.2889016,38.1635874
262.4842576,320.2572618,38.1762031
260.2140441,318.2919533,38.140412
257.8865616,316.3909927,38.1060364
255.5049987,314.563018,38.073492
253.076945,312.8093331,38.0415264
250.5985978,311.1208675,38.0102902
248.0805377,309.496213,37.9783365
245.5274848,307.9329491,37.9457238
242.9399828,306.4305641,37.924747
240.3134861,304.9948464,37.9097146
237.66689,303.6459443,38.2690693
234.9315557,302.3526375,38.6988732
232.2248344,301.1640463,39.1747529
229.412486,300.0106081,39.6511031
226.6327288,298.9399425,40.1299565
223.7948115,297.9074872,40.6088098
220.9560205,296.9276679,41.0895835
218.1112833,295.9892003,41.5703792
215.2437047,295.0802258,42.0581892
212.3811471,294.2161859,42.546599
209.4924077,293.3969491,43.0401656
206.5983201,292.6299994,43.5344391
203.6853447,291.9104471,44.0287358
200.7652061,291.2408724,44.5230363
197.8315401,290.6195354,45.0066783
194.8888427,290.046883,45.4884698
191.9364471,289.5219752,45.9508673
188.9764509,289.0435866,46.4098513
186.0095536,288.6095807,46.8711542
183.0368803,288.2157519,47.3328664
180.0601342,287.8565288,47.886475
177.0799018,287.5225422,48.4562936
174.0983423,287.2036746,49.1711978
171.1157486,286.8926025,49.9118234
168.1330869,286.583824,50.6994359
165.1502839,286.2753906,51.4954635
162.167598,285.9668841,52.2937222
159.184827,285.6582575,53.0923855
156.2021477,285.349649,53.8938473
153.2193786,285.0410488,54.6958239
150.2366901,284.7324439,55.5011256
147.2539316,284.4238178,56.3070483
144.2712365,284.1151938,57.1167871
141.288487,283.8065611,57.9272502
138.3057831,283.4979288,58.7419894
135.3230435,283.1892888,59.5575543
132.3403302,282.8806491,60.3778287
129.3576006,282.5720057,61.1990285
126.374877,282.2633613,62.0253482
123.3921579,281.9547162,62.8526919
120.4094241,281.6460691,63.685546
117.4267155,281.3374241,64.5195218
114.4439684,281.0287745,65.3593818
111.4612717,280.7201285,66.2004605
108.47852,280.4114714,67.0477872
105.4958356,280.1027957,67.8964297
102.5131052,279.7940672,68.7516597
99.5304233,279.4853055,69.6082987
96.5477045,279.1765234,70.4718392
93.5650163,278.8677386,71.3368777
90.5822953,278.5589501,72.209128
87.5996077,278.2501662,73.0829658
84.6168879,277.9413797,73.9643141
81.6341991,277.632597,74.8473379
78.6514799,277.3238119,75.7381628
75.6687902,277.0150306,76.6307505
72.6860716,276.7062469,77.5314238
69.7033811,276.3974665,78.4339469
66.7206631,276.0886836,79.3448347
63.7379718,275.7799041,80.257659
60.7552543,275.4711227,81.1791227
57.7725621,275.1623458,82.1026093
54.7898447,274.853569,83.0350064
51.8071514,274.5447972,83.9695127
48.8244343,274.2360231,84.9131975
45.8417413,273.9272414,85.8590777
42.8590282,273.6184356,86.814402
39.876339,273.3096121,87.772008
36.8936294,273.0007794,88.7393209
33.9109358,272.6919913,89.7090021
30.9282109,272.3833188,90.688656
27.945477,272.0749103,91.6707659
24.9626805,271.7669449,92.6600377
21.979829,271.4596633,93.6510893
18.996867,271.1533208,94.6082719
16.0137966,270.8481572,95.5569646
13.0305725,270.5443915,96.4418629
10.0471978,270.2422028,97.3106336
7.0636404,269.9417385,98.0950767
4.0799084,269.643087,98.8580237
1.0959838,269.3462975,99.5239096
-1.8881186,269.0513611,100.1648516
-4.8724052,268.7582327,100.7026019
-7.8568539,268.4668196,101.21362
-10.8414643,268.1770003,101.6210921
-13.8262078,267.8886242,102.0015281
-16.8110817,267.6015221,102.2833295
-19.7960525,267.3155164,102.5391768
-22.7811199,267.0304221,102.7063312
-25.7662473,266.7460651,102.8499692
-28.7514394,266.4622732,102.9198529
-31.7366596,266.1788985,102.970035
-34.721918,265.8958018,102.9665391
-37.7071801,265.6128747,102.9485997
-40.6924613,265.3300198,102.9024321
-43.6777307,265.0471708,102.8486151
-46.6630074,264.7642719,102.7938775
-49.6482647,264.481293,102.7388887
-52.6335236,264.1982116,102.6829792
-55.6187613,263.9150232,102.6268167
-58.6039993,263.6317268,102.5697129
-61.5892179,263.3483321,102.5123487
-64.5744376,263.0648485,102.454022
-67.5596413,262.7812908,102.3954275
-70.5448475,262.4976706,102.3358489
-73.5300411,262.214002,102.2759949
-76.5152386,261.9302946,102.2151345
-79.5004263,261.6465589,102.1539908
-82.4856186,261.362801,102.091818
-85.4708031,261.0790273,102.0293536
-88.4559923,260.7952407,101.9658365
-91.4411751,260.5114447,101.9020195
-94.4263621,260.2276398,101.8371257
-97.4115438,259.9438275,101.7719231
-100.396729,259.6600073,101.7056188
-103.3819096,259.3761799,101.638997
-106.367093,259.0923442,101.5712476
-109.3522724,258.8085008,101.5031714
-112.3374539,258.5246488,101.4339414
-115.3226321,258.2407887,101.364375
-118.3078117,257.95692,101.2936275
-121.2929886,257.6730432,101.2225339
-124.2781663,257.3891582,101.1502311
-127.2633421,257.1052654,101.0775721
-130.248518,256.8213649,101.003675
-133.2336926,256.5374571,100.9294113
-136.2188668,256.2535421,100.8538797
-139.2040404,255.9696202,100.7779706
-142.189213,255.6856915,100.7007631
-145.1743857,255.4017563,100.6231669
-148.1595567,255.1178147,100.5442405
-151.1447285,254.8338665,100.464914
-154.129898,254.5499123,100.3842248
-157.1150689,254.2659515,100.3031235
-160.1002369,253.9819847,100.2206258
-163.0854069,253.6980114,100.1377036
-166.0705734,253.414032,100.0533504
-169.0557425,253.1300459,99.9685599
-172.0409075,252.8460536,99.8823027
-175.0260756,252.5620545,99.7955947
-178.0112391,252.2780492,99.7073832
-180.9964063,251.9940367,99.6187073
-183.9815682,251.7100177,99.5284896
-186.9667343,251.4259913,99.4377932
-189.9518946,251.1419583,99.3455158
-192.9370595,250.8579174,99.2527448
-195.9222182,250.5738696,99.1583522
-198.907382,250.2898136,99.0634505
-201.8925388,250.0057503,98.9668854
-204.8777014,249.7216783,98.869795
-207.8628564,249.4375985,98.7709979
-210.8480177,249.1535096,98.6716589
-213.8331708,248.8694125,98.5705684
-216.8183306,248.5853056,98.4689186
-219.8034817,248.30119,98.365471
-222.7886399,248.017064,98.261446
-225.7737888,247.7329286,98.1555753
-228.7589454,247.4487821,98.0491084
-231.744092,247.1646257,97.9407463
-234.7292467,246.8804572,97.8317682
-237.714391,246.5962782,97.7208437
-240.6995437,246.3120863,97.6092828
-243.6846854,246.0278828,97.4957223
-246.669836,245.7436657,97.3815039
-249.6549749,245.4594362,97.2652311
-252.6401231,245.1751912,97.148278
-255.6252595,244.8909309,97.0292135
-258.6104044,244.6066515,96.9094453
-261.5955381,244.3223531,96.7875066
-264.5806788,244.0380347,96.6648398
-267.5658093,243.7536998,96.539941
-270.5509461,243.4693467,96.4142886
-273.5360735,243.1849764,96.2863404
-276.5212066,242.9005867,96.1576119
-279.5063307,242.6161782,96.0265213
-282.4914596,242.3317489,95.8946223
-285.4765802,242.0472993,95.7602926
-288.4617047,241.7628273,95.6251251
-291.4468213,241.4783333,95.4874552
-294.4319412,241.1938152,95.3489168
-297.4170535,240.909273,95.2078015
-300.4021683,240.624705,95.0657854
-303.387276,240.3401109,94.9211149
-306.3723853,240.0554888,94.7755099
-309.357488,239.7708384,94.6271694
-312.3425913,239.4861579,94.4778591
-315.3276885,239.2014466,94.3257289
-318.3127855,238.9167027,94.1725917
-321.2978768,238.6319254,94.0165464
-324.2829669,238.3471128,93.8594551
-327.2680516,238.062264,93.6993638
-330.2531344,237.7773771,93.5381854
-333.238212,237.4924507,93.3739106
-336.2232867,237.207483,93.2085057
-339.2083566,236.9224726,93.0399035
-342.1934227,236.6374174,92.870126
-345.1784842,236.3523156,92.6970456
-348.1635409,236.0671653,92.5227421
-351.1485932,235.7819645,92.3450249
-354.1336397,235.496711,92.1660346
-357.1186821,235.2114026,91.9835141
-360.1037176,234.926037,91.7996676
-363.0887491,234.6406116,91.6121687
-366.0737726,234.3551241,91.423288
-369.0587922,234.0695716,91.2306264
-372.0438028,233.7839516,91.036524
-375.0288095,233.4982607,90.8385053
-378.013806,233.2124966,90.6389836
-380.9987985,232.9266553,90.4354027
-383.9837797,232.6407341,90.2302531
-386.9687569,232.354729,90.0208935
-389.9537214,232.068637,89.8098956
-392.9386817,231.7824534,89.5945283
-395.9236281,231.4961751,89.377449
-398.90857,231.209797,89.1558314
-401.8934967,230.9233156,88.9324238
-404.8784185,230.6367253,88.704299
-407.8633236,230.3500224,88.4743012
-410.8482235,230.0632006,88.2393964
-413.8331051,229.7762557,88.0025302
-416.8179809,229.4891811,87.7605552
-419.8028368,229.201972,87.5165251
-422.7876864,228.9146211,87.2671711
-425.7725142,228.6271231,87.015662
-428.7573349,228.33947,86.7585998
-431.7421319,228.051656,86.4992755
-434.726921,227.7636721,86.2341534
-437.7116844,227.475512,85.9666551
-440.6964388,227.1871657,85.6930967
-443.6811653,226.8986263,85.4170399
-446.6658815,226.6098828,85.134642
-449.6505675,226.3209273,84.8496145
-452.6352418,226.0317478,84.5579439
-455.6198833,225.7423355,84.2635029
-458.6045114,225.4526771,83.9620933
-461.5891039,225.1627627,83.6577619
-464.573681,224.8725776,83.3461107
-467.5582196,224.5821106,83.0313741
-470.5427405,224.2913455,82.7089379
-473.5272195,224.0002695,82.3832395
-476.5116783,223.7088647,82.0494293
-479.4960914,223.4171164,81.7121653
-482.4804813,223.1250047,81.3663414
-485.4648214,222.8325131,81.0168555
-488.4491349,222.5396196,80.6583208
-491.433394,222.2463057,80.2958973
-494.4176228,221.9525472,79.92389
-497.4017921,221.6583237,79.5477461
-500.3859268,221.3636087,79.1614311
-503.3699966,221.0683796,78.7707081
-506.3540268,220.7726073,78.3691668
-509.3379861,220.4762653,77.9629189
-512.3219,220.1793196,77.5451374
-515.3057356,219.8817366,77.1223197
-518.2895183,219.5834733,76.6871744
-521.2732131,219.2844846,76.2466276
-524.2568448,218.9847135,75.7928678
-527.2403764,218.6841017,75.3333002
-530.2238318,218.3825799,74.8595266
-533.2071731,218.0800876,74.3794903
-536.1904253,217.7765622,73.8841263
-539.1735534,217.4719759,73.381987
-542.1565878,217.1663179,72.8632443
-545.1395025,216.8596477,72.3371448
-548.1223388,216.5520624,71.7929883
-551.1050823,216.2437313,71.2408135
-554.0877855,215.9348556,70.668921
-557.0704375,215.6256424,70.088256
-560.0530909,215.3162826,69.5024414
-563.0357233,215.0068823,68.914332
-566.0183727,214.6974823,68.3233222
-569.0010062,214.3880948,67.7310182
-571.9836569,214.0787048,67.1356167
-574.9662898,213.7693137,66.5388315
-577.9489404,213.4599208,65.9387365
-580.9315732,213.1505304,65.3371615
-583.914224,212.841138,64.732047
-586.8968565,212.5317472,64.125349
-589.8795075,212.2223543,63.5148625
-592.8621399,211.9129633,62.9026808
-595.844791,211.6035701,62.2864399
-598.827423,211.2941788,61.6683827
-601.8100743,210.9847855,61.0459714
-604.7927062,210.6753939,60.4216125
-607.7753588,210.3659996,59.792576
-610.7579904,210.0566099,59.1614488
-613.7406346,209.7472259,58.5252889
-616.7232692,209.4378552,57.8868818
-619.7058878,209.1285026,57.2430637
-622.6885375,208.8191588,56.5968326
-625.6711354,208.5098231,55.9447874
-628.6538061,208.2004788,55.2901528
-631.6363886,207.891143,54.629256
-634.6190762,207.5818007,53.965572
-637.6016417,207.2724826,53.2951291
-640.5843498,206.9631624,52.6216763
-643.5668988,206.6538538,51.940912
-646.5496055,206.3443522,51.2568841
-649.5320702,206.0344051,50.5670627
-652.5146341,205.7233673,49.874643
-655.4967727,205.4104763,49.180346
-658.4788536,205.0946816,48.4852006
-661.4602377,204.7749081,47.7898189
-664.4413355,204.4498036,47.0943291
-667.4213785,204.1180265,46.4009026
-670.4008199,203.7778946,45.7084335
-673.3787003,203.4277479,45.0210264
-676.3555713,203.0655963,44.3360156
-679.3302483,202.6895537,43.6584154
-682.303352,202.297366,42.9844152
-685.2732972,201.8869733,42.3198538
-688.2410489,201.4558916,41.660032
-691.2046931,201.0019835,41.0119057
-694.1650984,200.5223809,40.3699062
-697.1194942,200.0146942,39.7418259
-700.0698646,199.4770838,39.1214509
-703.013318,198.9093972,38.517677
-705.9517803,198.308557,37.923762
-708.8832363,197.670695,37.348819
-711.8044961,196.9914701,36.786283
-714.7171933,196.264704,36.2445252
-717.6132815,195.4876163,35.7179643
-720.4976985,194.6547351,35.2144108
-723.3605884,193.7647742,34.729127
-726.2073152,192.8118056,34.2695575
-729.0267521,191.7955596,33.8304686
-731.8253549,190.709887,33.4195547
-734.5894214,189.5566418,33.0285441
-737.3278559,188.3287353,32.6707059
-740.0236183,187.028993,32.330592
-742.6834829,185.6485891,32.0342792
-745.2979431,184.1865244,31.7523217
-747.8610967,182.6423556,31.514577
-750.3831701,181.0098681,31.2830811
-752.8409841,179.3055589,31.0769864
-755.2535819,177.5141231,30.8724667
-757.5960099,175.6508619,30.6819899
-759.8815805,173.7023877,30.4988619
-762.092267,171.6811453,30.3518008
-764.2350052,169.5784229,30.2174212
-766.2978316,167.4036373,30.1252021
-768.2829883,165.1534378,30.0412247
-770.1840783,162.8340001,29.9781278
-772.0000081,160.4462971,29.917255
-773.7275912,157.9937144,29.8608568
-775.3633157,155.4804648,29.8035719
-776.9054347,152.9077728,29.744879
-778.3496046,150.2814523,29.6841879
-779.6950046,147.602134,29.6210909
-780.9391135,144.8752864,29.5559918
-782.0808021,142.1032392,29.4891509
-783.11767,139.2904629,29.4209483
-784.0479572,136.4403174,29.3519245
-784.8696709,133.5576028,29.3047645
-785.5818402,130.6445118,29.2662759
-786.1824702,127.7083363,29.2384192
-786.6712835,124.7485279,29.2130956
-787.0461446,121.7758176,29.1526455
-787.3068586,118.7861874,29.0880906
-787.4516574,115.7945611,29.0903436
-787.4813587,112.79323,29.1092346
-787.397572,109.8001172,29.4121021
-787.2051175,106.8042796,29.731538
-786.910667,103.8241962,30.1809942
-786.5175404,100.847977,30.6326092
-786.0316863,97.8922883,31.0953585
-785.4541386,94.9467207,31.5571348
-784.7899963,92.0250863,32.0149804
-784.0397189,89.1191886,32.4721355
-783.2082379,86.2398153,32.9268758
-782.2960792,83.3812062,33.3816355
-781.3076775,80.5509125,33.8364577
-780.2440481,77.7458808,34.2917982
-779.1086802,74.9702733,34.7487353
-777.9034692,72.223907,35.2065566
-776.6305636,69.5074432,35.6670062
-775.2935657,66.8242172,36.1286641
-773.8926896,64.1712964,36.5937333
-772.4323007,61.5542369,37.0601057
-770.9114265,58.9686752,37.5298389
-769.3346294,56.4196919,38.0009121
-767.701489,53.9039614,38.4750333
-766.0159358,51.4250818,38.9505722
-764.2780994,48.9808692,39.4288881
-762.4911977,46.5736597,39.9087263
-760.6558036,44.202118,40.3910934
-758.7745104,41.8676402,40.875108
-756.8482423,39.5694985,41.3614214
-754.879088,37.3084311,41.8495249
-752.8681897,35.0840736,42.3397128
-750.8172789,32.8967624,42.8318456
-748.7275769,30.7462953,43.3258599
-746.6006056,28.6328109,43.8219785
-744.4375359,26.5561156,44.319781
-742.2398097,24.5162994,44.8198414
-740.0084436,22.5130776,45.3213887
-737.7448981,20.5465857,45.8253396
-735.4499652,18.6163981,46.330584
-733.1251828,16.7227405,46.8384089
-730.7710895,14.865045,47.3473579
-728.3893182,13.0436349,47.8592757
-725.9801685,11.2578154,48.3722259
-723.5453562,9.50796,48.8894906
-721.085025,7.7932767,49.407928
-718.6009209,6.114111,49.9315489
-716.0930791,4.469701,50.4562356
-713.5633023,2.8604803,50.9860516
-711.0111897,1.2854242,51.5166235
-708.4391767,-0.2547577,52.0523438
-705.845851,-1.7616742,52.5885571
-703.2347425,-3.2340338,53.1300882
-700.6032593,-4.6739726,53.671888
-697.9559405,-6.0796666,54.2193119
-695.2892446,-7.4536278,54.7669306
-692.6082871,-8.7938432,55.3202821
-689.9090902,-10.1028997,55.8739514
-687.1969205,-11.3788276,56.4333947
-684.4677222,-12.6241044,56.993336
-681.726677,-13.8369207,57.5591424
-678.9698129,-15.019578,58.1256189
-676.202095,-16.1704759,58.6980991
-673.4197563,-17.2917028,59.2714118
-670.6274433,-18.3818941,59.8509115
-667.8216869,-19.4429074,60.4313944
-665.0067372,-20.4736249,61.0182874
-662.1794966,-21.4756678,61.6062999
-659.3437553,-22.4481661,62.2009774
-656.4968494,-23.3925065,62.7968939
-653.6420517,-24.3080628,63.3997493
-650.7771936,-25.1959918,64.0039439
-647.9049733,-26.0559046,64.6153542
-645.0237698,-26.8887346,65.2281826
-642.1356493,-27.6943147,65.8484873
-639.2396152,-28.4733421,66.4702683
-636.337017,-29.2258067,67.0997518
-633.4275463,-29.9520184,67.7307271
-630.511943,-30.652081,68.3694475
-627.5900601,-31.3265397,69.0095845
-624.6628655,-31.9756753,69.6570593
-621.7296552,-32.6000263,70.3058265
-618.7920007,-33.1996111,70.96132
-615.8486755,-33.774989,71.61794
-612.9015767,-34.3260872,72.2805149
-609.9492108,-34.8534651,72.9440098
-606.9936073,-35.3570301,73.6125091
-604.0332049,-35.8372992,74.2816874
-601.0699753,-36.2941913,74.9547221
-598.1024688,-36.72815,75.6281755
-595.132436,-37.1391253,76.3041483
-592.1586954,-37.5274695,76.9802878
-589.1826345,-37.8931757,77.6575055
-586.2034741,-38.236501,78.3346933
-583.2221239,-38.5574916,79.011671
-580.2383112,-38.8563275,79.6885526
-577.2523874,-39.1331258,80.3646908
-574.2646563,-39.3880403,81.0409068
-571.2748736,-39.6213021,81.7177903
-568.2839316,-39.8331455,82.3953029
-565.2910066,-40.0240095,83.0788029
-562.2975628,-40.194385,83.7639747
-559.3022535,-40.3450821,84.4667838
-556.3069685,-40.4770995,85.1727306
-553.3099405,-40.5918081,85.915039
-550.313509,-40.6908284,86.6618352
-547.3154766,-40.7761484,87.4648738
-544.3183898,-40.850014,88.272662
-541.3201529,-40.9146707,89.1432628
-538.3223925,-40.9715879,90.0173411
-535.3241409,-41.0218905,90.938908
-532.3258515,-41.0658056,91.8619642
-529.3274259,-41.1032327,92.8058996
-526.3289494,-41.1335401,93.7496571
-523.3303929,-41.1559242,94.6908535
-520.3317821,-41.1693673,95.6301867
-517.3331934,-41.1728575,96.541995
-514.3345116,-41.1655454,97.4497489
-511.3360293,-41.1466852,98.2958902
-508.3374507,-41.1157552,99.1365499
-505.3392784,-41.0723395,99.8911153
-502.3410104,-41.0161775,100.6394291
-499.3433697,-40.9471107,101.2854312
-496.3456454,-40.8651004,101.9249823
-493.3487519,-40.7702263,102.4531908
-490.3517913,-40.6626627,102.9752429
-487.3558211,-40.5427301,103.3833509
-484.3598042,-40.4108315,103.7860137
-481.3648625,-40.2675446,104.0782106
-478.3698956,-40.1135146,104.3659981
-475.3759886,-39.9495722,104.5528969
-472.3820794,-39.776579,104.7366223
-469.3891074,-39.5955601,104.835355
-466.3961546,-39.4075036,104.9321893
-463.4039293,-39.2135065,104.9664565
-460.4117483,-39.0145554,104.9999564
-457.4200492,-38.8116869,104.9999775
-454.4284,-38.6058146,104.9999982
-451.436968,-38.3978099,104.9999911
-448.4456606,-38.1882683,104.9999841
-445.454284,-37.9776899,104.9999841
-442.4632198,-37.7665124,104.9999841
-439.471787,-37.5550468,104.9999842
-436.4808553,-37.3436081,104.9999843
-433.4893168,-37.1323255,104.9999843
-430.4984383,-36.9214154,104.9999844
-427.5067735,-36.7108697,104.9999844
-424.5159067,-36.500841,104.9999844
-421.5241178,-36.2912285,104.9999844
-418.5332435,-36.0821473,104.9999844
-415.5413467,-35.8734345,104.9999844
-412.5504608,-35.6651832,104.9999844
-409.5584813,-35.4571879,104.9999844
-406.5675892,-35.2495249,104.9999843
-403.5755595,-35.041956,104.9999843
-400.5846733,-34.8345395,104.9999843
-397.592632,-34.6270072,104.9999843
-394.6017712,-34.4193945,104.9999843
-391.6097668,-34.2114035,104.9999843
-388.6189557,-34.0030403,104.9999843
-385.6270378,-33.7939781,104.9999843
-382.6363162,-33.5841935,104.9999843
-379.6445654,-33.3733366,104.9999843
-376.6539597,-33.1613486,104.9999843
-373.6624095,-32.9478659,104.9999842
-370.6719978,-32.7328283,104.9999842
-367.6808094,-32.5158546,104.9999842
-364.6905891,-32.2966853,104.9999842
-361.7001514,-32.074874,104.9999842
-358.7099507,-31.8503261,104.9999842
-355.7202337,-31.6230098,104.9999842
-352.7301437,-31.3928825,104.9999842
-349.7409052,-31.1600666,104.9999843
-346.751186,-30.9244417,104.9999843
-343.7624122,-30.6861133,104.9999843
-340.7730996,-30.445026,104.9999843
-337.7847789,-30.2013952,104.9999843
-334.7958513,-29.9552289,104.9999844
-331.8079284,-29.706819,104.9999844
-328.8193625,-29.4562248,104.9999843
-325.8317731,-29.2037913,104.9999843
-322.8435113,-28.9496062,104.9999843
-319.856175,-28.6940361,104.9999843
-316.868153,-28.4371744,104.9999843
-313.880987,-28.1793802,104.9999843
-310.8931372,-27.9207333,104.9999843
-307.9060629,-27.6615621,104.9999843
-304.9183247,-27.4019198,104.9999843
-301.9312741,-27.1420881,104.9999843
-298.943599,-26.8820883,104.9999843
-295.956521,-26.6221473,104.9999843
-292.9688719,-26.3622544,104.9999843
-289.9817237,-26.1025802,104.9999843
-286.9940875,-25.8430896,104.9999845
-284.0068708,-25.5839041,104.9999866
-281.0192067,-25.3249806,104.9999887
-278.031827,-25.0664349,104.9999906
-275.0441826,-24.8083439,104.9998446
-272.0565389,-24.5508073,104.997565
-269.0690026,-24.2937047,104.9946243
-266.0812533,-24.0368594,104.9815962
-263.0937384,-23.7802362,104.9678329
-260.1059817,-23.5237415,104.942248
-257.1184176,-23.2673769,104.9162338
-254.1306493,-23.0110777,104.8829711
-251.1430691,-22.7548498,104.8496708
-248.1553031,-22.4986361,104.8157046
-245.1677095,-22.2424475,104.7817024
-242.1799515,-21.9862382,104.7470364
-239.1923516,-21.7300245,104.7123349
-236.204606,-21.4737713,104.6769551
-233.2170023,-21.2174988,104.6415402
-230.2292707,-20.9611811,104.6054315
-227.2416644,-20.7048402,104.5692882
-224.2539466,-20.4484573,104.5324353
-221.2663373,-20.1920541,104.4955478
-218.2786324,-19.9356165,104.4579348
-215.2910191,-19.6791641,104.4202873
-212.3033258,-19.422686,104.3818976
-209.3157073,-19.1661987,104.3434736
-206.3280241,-18.9096935,104.3042906
-203.3403997,-18.6531834,104.2650731
-200.3527266,-18.3966614,104.2250795
-197.3650948,-18.1401364,104.1850513
-194.3774293,-17.8836029,104.1442294
-191.3897917,-17.6270679,104.1033728
-188.4021374,-17.3705255,104.0617043
-185.4144928,-17.1139605,104.0200009
-182.4268618,-16.857358,103.9774672
-179.4392049,-16.6007189,103.9348985
-176.451588,-16.3440579,103.8914806
-173.4639242,-16.0873797,103.8480277
-170.4763071,-15.8307023,103.8037054
-167.4886453,-15.5740188,103.7593482
-164.5010274,-15.3173357,103.714101
-161.5133676,-15.060646,103.6688189
-158.5257493,-14.8039572,103.6226257
-155.5380907,-14.5472623,103.5763977
-152.5504717,-14.2905682,103.5292368
-149.5628148,-14.0338684,103.4820415
-146.5751951,-13.7771694,103.4338907
-143.5875396,-13.5204651,103.3857058
-140.5999192,-13.2637617,103.3365423
-137.6122652,-13.0070533,103.2873451
-134.6246441,-12.7503457,103.2371455
-131.6369914,-12.4936335,103.1869127
-128.6493695,-12.2369222,103.1356529
-125.6617183,-11.9802065,103.0843605
-122.6740955,-11.7234916,103.0320158
-119.6864458,-11.4667726,102.9796392
-116.6988221,-11.2100543,102.9261842
-113.7111738,-10.9533323,102.872698
-110.7235493,-10.6966107,102.8181066
-107.7359024,-10.4398857,102.7634849
-104.7482769,-10.1831611,102.7077302
-101.7606315,-9.9264333,102.6519462
-98.773005,-9.6697056,102.5950007
-95.7853611,-9.4129751,102.5380269
-92.7977336,-9.1562446,102.4798622
-89.8100911,-8.8995114,102.4216703
-86.8224627,-8.6427781,102.3622573
-83.8348217,-8.3860424,102.3028182
-80.8471922,-8.1293064,102.2421269
-77.8595527,-7.8725682,102.1814108
-74.8719222,-7.6158295,102.1194102
-71.8842841,-7.3590889,102.0573862
-68.8966525,-7.1023475,101.9940447
-65.909016,-6.8456045,101.9306812
-62.9213833,-6.5888605,101.8659659
-59.9337483,-6.332115,101.8012303
-56.9461146,-6.0753684,101.7351077
-53.9584811,-5.8186206,101.6689663
-50.9708463,-5.5618713,101.6014016
-47.9832143,-5.3051211,101.53382
-44.9955784,-5.0483692,101.4647776
-42.0079479,-4.7916165,101.3957201
-39.0203109,-4.5348619,101.3251631
-36.032682,-4.2781067,101.2545929
-33.0450439,-4.0213493,101.1824835
-30.0574166,-3.7645916,101.1103629
-27.0697774,-3.5078314,101.036662
-24.0821516,-3.2510709,100.9629519
-21.0945114,-2.9943078,100.8876191
-18.1068872,-2.7375446,100.8122793
-15.1192458,-2.4807784,100.7352731
-12.1316232,-2.2240123,100.6582622
-9.1439809,-1.9672429,100.5795397
-6.1563599,-1.7104734,100.5008148
-3.1687162,-1.4536992,100.4203318
-0.1810976,-1.1969224,100.3398488
